<application>
  <component name="FileTypeManager" version="17">
    <extensionMap>
      <mapping ext="leyouregistryapplication" type="CLASS" />
      <mapping pattern="info-商品的微服务" type="PLAIN_TEXT" />
      <mapping pattern="info-微服务的注册中心" type="PLAIN_TEXT" />
      <mapping pattern="info-商品的聚合工程" type="PLAIN_TEXT" />
      <mapping pattern="info-网关微服务：服务路由，请求的过滤" type="PLAIN_TEXT" />
      <mapping pattern="info-公共工具类" type="PLAIN_TEXT" />
      <mapping pattern="info-分享一些pojo，接口，异常" type="PLAIN_TEXT" />
    </extensionMap>
  </component>
</application>